variable,missing_count,missing_percentage,coverage_percentage,imputation_strategy,analysis_inclusion
restrictionism_index,13592,36.25,63.75,Consider exclusion or specialized methods,Include with caution/sensitivity analysis
liberalism_index,14629,39.01,60.99,Consider exclusion or specialized methods,Include with caution/sensitivity analysis
place_birth,14907,39.76,60.24,Consider exclusion or specialized methods,Include with caution/sensitivity analysis
immigrant_generation,14934,39.83,60.17,Consider exclusion or specialized methods,Include with caution/sensitivity analysis
legalization_support,19005,50.69,49.31,Likely exclude from analysis,Consider exclusion
parent_nativity,28854,76.95,23.05,Likely exclude from analysis,Consider exclusion
deportation_worry,29328,78.22,21.78,Likely exclude from analysis,Consider exclusion
concern_index,29328,78.22,21.78,Likely exclude from analysis,Consider exclusion
immigration_level_opinion,30461,81.24,18.76,Likely exclude from analysis,Consider exclusion
